dataset,arch,width,data_frac,epochs,weight_decay,retrain_epochs,keep,overlap_frac,overlap_frac_ci,jaccard_kept,jaccard_kept_ci,jaccard_pruned,jaccard_pruned_ci,n
fmnist,mlp,0.5,0.1,10,0.0001,2,0.005,0.023809523809523808,,0.012048192771084338,,0.9902431285447983,,1
fmnist,mlp,0.5,0.1,10,0.0001,2,0.01,0.07539682539682539,,0.03917525773195876,,0.9815057348096996,,1
fmnist,mlp,0.5,0.1,10,0.0001,2,0.02,0.1506442021803766,,0.08145766345123258,,0.9659108989657915,,1
fmnist,mlp,0.5,0.1,10,0.0001,2,0.03,0.22868473231989425,,0.1291044776119403,,0.9534001517390089,,1
fmnist,mlp,0.5,0.1,10,0.0001,2,0.05,0.33425852498017444,,0.20066650797429184,,0.93228336929561,,1
fmnist,mlp,0.5,0.1,10,0.0001,2,0.08,0.44560099132589837,,0.2866709183673469,,0.9080067442529918,,1
fmnist,mlp,0.5,0.1,10,0.0001,2,0.12,0.5474223397224058,,0.3768627004891366,,0.883741165983998,,1
fmnist,mlp,0.5,0.1,10,0.0001,2,0.18,0.6295439524124257,,0.45936821798890765,,0.8495874052373817,,1
fmnist,mlp,0.5,0.1,10,0.0001,2,0.25,0.7004282994923858,,0.5389685688129386,,0.8184178264945554,,1
fmnist,mlp,0.5,0.1,10,0.0001,2,0.35,0.7713443997507223,,0.627795453497487,,0.7807534562837819,,1
fmnist,mlp,0.5,0.1,10,0.0001,2,0.5,0.848072652284264,,0.7362206079801701,,0.7362206079801701,,1
fmnist,mlp,0.5,0.1,10,0.0001,2,0.7,0.9140275338507733,,0.8416673187782038,,0.6658409028351225,,1
fmnist,mlp,0.5,0.1,10,0.0001,2,1.0,1.0,,1.0,,,,1
