contrast,metric,dataset,arch,width,data_frac,epochs,weight_decay,retrain_epochs,keep,mean_diff,ci,n_seeds,p,p_holm
saliency - magnitude,test_acc,fmnist,mlp,0.5,0.1,10,0.0001,2,0.005,0.10360000000000003,,1,,
saliency - magnitude,test_acc,fmnist,mlp,0.5,0.1,10,0.0001,2,0.01,0.2145999999999999,,1,,
saliency - magnitude,test_acc,fmnist,mlp,0.5,0.1,10,0.0001,2,0.02,0.05559999999999998,,1,,
saliency - magnitude,test_acc,fmnist,mlp,0.5,0.1,10,0.0001,2,0.03,0.0947,,1,,
saliency - magnitude,test_acc,fmnist,mlp,0.5,0.1,10,0.0001,2,0.05,0.043200000000000016,,1,,
saliency - magnitude,test_acc,fmnist,mlp,0.5,0.1,10,0.0001,2,0.08,0.04530000000000001,,1,,
saliency - magnitude,test_acc,fmnist,mlp,0.5,0.1,10,0.0001,2,0.12,0.00759999999999994,,1,,
saliency - magnitude,test_acc,fmnist,mlp,0.5,0.1,10,0.0001,2,0.18,0.0010999999999999899,,1,,
saliency - magnitude,test_acc,fmnist,mlp,0.5,0.1,10,0.0001,2,0.25,-0.0019000000000000128,,1,,
saliency - magnitude,test_acc,fmnist,mlp,0.5,0.1,10,0.0001,2,0.35,0.0005999999999999339,,1,,
saliency - magnitude,test_acc,fmnist,mlp,0.5,0.1,10,0.0001,2,0.5,-0.005099999999999993,,1,,
saliency - magnitude,test_acc,fmnist,mlp,0.5,0.1,10,0.0001,2,0.7,-0.0020000000000000018,,1,,
saliency - magnitude,test_acc,fmnist,mlp,0.5,0.1,10,0.0001,2,1.0,0.0,,1,,
saliency_layermean - magnitude,test_acc,fmnist,mlp,0.5,0.1,10,0.0001,2,0.005,-0.46430000000000005,,1,,
saliency_layermean - magnitude,test_acc,fmnist,mlp,0.5,0.1,10,0.0001,2,0.01,0.017899999999999916,,1,,
saliency_layermean - magnitude,test_acc,fmnist,mlp,0.5,0.1,10,0.0001,2,0.02,-0.01760000000000006,,1,,
saliency_layermean - magnitude,test_acc,fmnist,mlp,0.5,0.1,10,0.0001,2,0.03,0.05059999999999998,,1,,
saliency_layermean - magnitude,test_acc,fmnist,mlp,0.5,0.1,10,0.0001,2,0.05,0.013399999999999967,,1,,
saliency_layermean - magnitude,test_acc,fmnist,mlp,0.5,0.1,10,0.0001,2,0.08,0.02180000000000004,,1,,
saliency_layermean - magnitude,test_acc,fmnist,mlp,0.5,0.1,10,0.0001,2,0.12,0.0038000000000000256,,1,,
saliency_layermean - magnitude,test_acc,fmnist,mlp,0.5,0.1,10,0.0001,2,0.18,0.0017000000000000348,,1,,
saliency_layermean - magnitude,test_acc,fmnist,mlp,0.5,0.1,10,0.0001,2,0.25,-0.0025999999999999357,,1,,
saliency_layermean - magnitude,test_acc,fmnist,mlp,0.5,0.1,10,0.0001,2,0.35,-0.001100000000000101,,1,,
saliency_layermean - magnitude,test_acc,fmnist,mlp,0.5,0.1,10,0.0001,2,0.5,-0.0042999999999999705,,1,,
saliency_layermean - magnitude,test_acc,fmnist,mlp,0.5,0.1,10,0.0001,2,0.7,-0.01100000000000001,,1,,
saliency_layermean - magnitude,test_acc,fmnist,mlp,0.5,0.1,10,0.0001,2,1.0,0.0,,1,,
saliency - saliency_layermean,test_acc,fmnist,mlp,0.5,0.1,10,0.0001,2,0.005,0.5679000000000001,,1,,
saliency - saliency_layermean,test_acc,fmnist,mlp,0.5,0.1,10,0.0001,2,0.01,0.19669999999999999,,1,,
saliency - saliency_layermean,test_acc,fmnist,mlp,0.5,0.1,10,0.0001,2,0.02,0.07320000000000004,,1,,
saliency - saliency_layermean,test_acc,fmnist,mlp,0.5,0.1,10,0.0001,2,0.03,0.04410000000000003,,1,,
saliency - saliency_layermean,test_acc,fmnist,mlp,0.5,0.1,10,0.0001,2,0.05,0.02980000000000005,,1,,
saliency - saliency_layermean,test_acc,fmnist,mlp,0.5,0.1,10,0.0001,2,0.08,0.023499999999999965,,1,,
saliency - saliency_layermean,test_acc,fmnist,mlp,0.5,0.1,10,0.0001,2,0.12,0.0037999999999999146,,1,,
saliency - saliency_layermean,test_acc,fmnist,mlp,0.5,0.1,10,0.0001,2,0.18,-0.0006000000000000449,,1,,
saliency - saliency_layermean,test_acc,fmnist,mlp,0.5,0.1,10,0.0001,2,0.25,0.0006999999999999229,,1,,
saliency - saliency_layermean,test_acc,fmnist,mlp,0.5,0.1,10,0.0001,2,0.35,0.0017000000000000348,,1,,
saliency - saliency_layermean,test_acc,fmnist,mlp,0.5,0.1,10,0.0001,2,0.5,-0.0008000000000000229,,1,,
saliency - saliency_layermean,test_acc,fmnist,mlp,0.5,0.1,10,0.0001,2,0.7,0.009000000000000008,,1,,
saliency - saliency_layermean,test_acc,fmnist,mlp,0.5,0.1,10,0.0001,2,1.0,0.0,,1,,
taylor - magnitude,test_acc,fmnist,mlp,0.5,0.1,10,0.0001,2,0.005,-0.0015000000000000568,,1,,
taylor - magnitude,test_acc,fmnist,mlp,0.5,0.1,10,0.0001,2,0.01,0.1684,,1,,
taylor - magnitude,test_acc,fmnist,mlp,0.5,0.1,10,0.0001,2,0.02,0.015800000000000036,,1,,
taylor - magnitude,test_acc,fmnist,mlp,0.5,0.1,10,0.0001,2,0.03,0.058699999999999974,,1,,
taylor - magnitude,test_acc,fmnist,mlp,0.5,0.1,10,0.0001,2,0.05,0.015100000000000002,,1,,
taylor - magnitude,test_acc,fmnist,mlp,0.5,0.1,10,0.0001,2,0.08,0.0232,,1,,
taylor - magnitude,test_acc,fmnist,mlp,0.5,0.1,10,0.0001,2,0.12,-0.013700000000000045,,1,,
taylor - magnitude,test_acc,fmnist,mlp,0.5,0.1,10,0.0001,2,0.18,-0.01319999999999999,,1,,
taylor - magnitude,test_acc,fmnist,mlp,0.5,0.1,10,0.0001,2,0.25,-0.013699999999999934,,1,,
taylor - magnitude,test_acc,fmnist,mlp,0.5,0.1,10,0.0001,2,0.35,-0.012400000000000078,,1,,
taylor - magnitude,test_acc,fmnist,mlp,0.5,0.1,10,0.0001,2,0.5,-0.012699999999999934,,1,,
taylor - magnitude,test_acc,fmnist,mlp,0.5,0.1,10,0.0001,2,0.7,-0.005599999999999938,,1,,
taylor - magnitude,test_acc,fmnist,mlp,0.5,0.1,10,0.0001,2,1.0,0.0,,1,,
magnitude - random,test_acc,fmnist,mlp,0.5,0.1,10,0.0001,2,0.005,0.46430000000000005,,1,,
magnitude - random,test_acc,fmnist,mlp,0.5,0.1,10,0.0001,2,0.01,0.39660000000000006,,1,,
magnitude - random,test_acc,fmnist,mlp,0.5,0.1,10,0.0001,2,0.02,0.3481,,1,,
magnitude - random,test_acc,fmnist,mlp,0.5,0.1,10,0.0001,2,0.03,0.19030000000000002,,1,,
magnitude - random,test_acc,fmnist,mlp,0.5,0.1,10,0.0001,2,0.05,0.16410000000000002,,1,,
magnitude - random,test_acc,fmnist,mlp,0.5,0.1,10,0.0001,2,0.08,0.048699999999999966,,1,,
magnitude - random,test_acc,fmnist,mlp,0.5,0.1,10,0.0001,2,0.12,0.06930000000000003,,1,,
magnitude - random,test_acc,fmnist,mlp,0.5,0.1,10,0.0001,2,0.18,0.05930000000000002,,1,,
magnitude - random,test_acc,fmnist,mlp,0.5,0.1,10,0.0001,2,0.25,0.040999999999999925,,1,,
magnitude - random,test_acc,fmnist,mlp,0.5,0.1,10,0.0001,2,0.35,0.032300000000000106,,1,,
magnitude - random,test_acc,fmnist,mlp,0.5,0.1,10,0.0001,2,0.5,0.0262,,1,,
magnitude - random,test_acc,fmnist,mlp,0.5,0.1,10,0.0001,2,0.7,0.0131,,1,,
magnitude - random,test_acc,fmnist,mlp,0.5,0.1,10,0.0001,2,1.0,0.0,,1,,
saliency - random,test_acc,fmnist,mlp,0.5,0.1,10,0.0001,2,0.005,0.5679000000000001,,1,,
saliency - random,test_acc,fmnist,mlp,0.5,0.1,10,0.0001,2,0.01,0.6112,,1,,
saliency - random,test_acc,fmnist,mlp,0.5,0.1,10,0.0001,2,0.02,0.4037,,1,,
saliency - random,test_acc,fmnist,mlp,0.5,0.1,10,0.0001,2,0.03,0.28500000000000003,,1,,
saliency - random,test_acc,fmnist,mlp,0.5,0.1,10,0.0001,2,0.05,0.20730000000000004,,1,,
saliency - random,test_acc,fmnist,mlp,0.5,0.1,10,0.0001,2,0.08,0.09399999999999997,,1,,
saliency - random,test_acc,fmnist,mlp,0.5,0.1,10,0.0001,2,0.12,0.07689999999999997,,1,,
saliency - random,test_acc,fmnist,mlp,0.5,0.1,10,0.0001,2,0.18,0.06040000000000001,,1,,
saliency - random,test_acc,fmnist,mlp,0.5,0.1,10,0.0001,2,0.25,0.03909999999999991,,1,,
saliency - random,test_acc,fmnist,mlp,0.5,0.1,10,0.0001,2,0.35,0.03290000000000004,,1,,
saliency - random,test_acc,fmnist,mlp,0.5,0.1,10,0.0001,2,0.5,0.021100000000000008,,1,,
saliency - random,test_acc,fmnist,mlp,0.5,0.1,10,0.0001,2,0.7,0.011099999999999999,,1,,
saliency - random,test_acc,fmnist,mlp,0.5,0.1,10,0.0001,2,1.0,0.0,,1,,
