dataset,arch,width,data_frac,epochs,weight_decay,retrain_epochs,criterion,keep,test_acc,test_acc_ci,val_acc,val_acc_ci,test_loss,test_loss_ci,pre_test_acc,pre_test_acc_ci,n
fmnist,mlp,0.5,0.1,10,0.0001,2,magnitude,0.005,0.5643,,0.567167,,1.41133,,0.4061,,1
fmnist,mlp,0.5,0.1,10,0.0001,2,magnitude,0.01,0.5086,,0.514833,,1.348617,,0.1516,,1
fmnist,mlp,0.5,0.1,10,0.0001,2,magnitude,0.02,0.7408,,0.742833,,0.864284,,0.5404,,1
fmnist,mlp,0.5,0.1,10,0.0001,2,magnitude,0.03,0.7086,,0.7195,,0.8587,,0.4437,,1
fmnist,mlp,0.5,0.1,10,0.0001,2,magnitude,0.05,0.7814,,0.780667,,0.664223,,0.4143,,1
fmnist,mlp,0.5,0.1,10,0.0001,2,magnitude,0.08,0.7816,,0.782833,,0.589182,,0.492,,1
fmnist,mlp,0.5,0.1,10,0.0001,2,magnitude,0.12,0.8245,,0.839,,0.486254,,0.5944,,1
fmnist,mlp,0.5,0.1,10,0.0001,2,magnitude,0.18,0.835,,0.847167,,0.448465,,0.7017,,1
fmnist,mlp,0.5,0.1,10,0.0001,2,magnitude,0.25,0.8369,,0.846333,,0.450961,,0.7747,,1
fmnist,mlp,0.5,0.1,10,0.0001,2,magnitude,0.35,0.8362,,0.849333,,0.449954,,0.8245,,1
fmnist,mlp,0.5,0.1,10,0.0001,2,magnitude,0.5,0.8381,,0.846333,,0.451834,,0.8028,,1
fmnist,mlp,0.5,0.1,10,0.0001,2,magnitude,0.7,0.8289,,0.839167,,0.475852,,0.8045,,1
fmnist,mlp,0.5,0.1,10,0.0001,2,magnitude,1.0,0.8053,,0.815,,0.52046,,,,1
fmnist,mlp,0.5,0.1,10,0.0001,2,random,0.005,0.1,,0.0975,,2.30603,,0.1,,1
fmnist,mlp,0.5,0.1,10,0.0001,2,random,0.01,0.112,,0.117333,,2.239142,,0.1,,1
fmnist,mlp,0.5,0.1,10,0.0001,2,random,0.02,0.3927,,0.392167,,2.041491,,0.1308,,1
fmnist,mlp,0.5,0.1,10,0.0001,2,random,0.03,0.5183,,0.519333,,1.67234,,0.4221,,1
fmnist,mlp,0.5,0.1,10,0.0001,2,random,0.05,0.6173,,0.629,,1.403623,,0.2229,,1
fmnist,mlp,0.5,0.1,10,0.0001,2,random,0.08,0.7329,,0.742667,,0.936239,,0.5312,,1
fmnist,mlp,0.5,0.1,10,0.0001,2,random,0.12,0.7552,,0.7585,,0.757002,,0.6728,,1
fmnist,mlp,0.5,0.1,10,0.0001,2,random,0.18,0.7757,,0.7845,,0.632315,,0.7024,,1
fmnist,mlp,0.5,0.1,10,0.0001,2,random,0.25,0.7959,,0.807167,,0.580006,,0.7053,,1
fmnist,mlp,0.5,0.1,10,0.0001,2,random,0.35,0.8039,,0.818,,0.548108,,0.7569,,1
fmnist,mlp,0.5,0.1,10,0.0001,2,random,0.5,0.8119,,0.825667,,0.518739,,0.7738,,1
fmnist,mlp,0.5,0.1,10,0.0001,2,random,0.7,0.8158,,0.8245,,0.502423,,0.6973,,1
fmnist,mlp,0.5,0.1,10,0.0001,2,random,1.0,0.8053,,0.815,,0.52046,,,,1
fmnist,mlp,0.5,0.1,10,0.0001,2,saliency,0.005,0.6679,,0.672333,,1.068945,,0.422,,1
fmnist,mlp,0.5,0.1,10,0.0001,2,saliency,0.01,0.7232,,0.731667,,0.862906,,0.5752,,1
fmnist,mlp,0.5,0.1,10,0.0001,2,saliency,0.02,0.7964,,0.802833,,0.601873,,0.7232,,1
fmnist,mlp,0.5,0.1,10,0.0001,2,saliency,0.03,0.8033,,0.813,,0.571057,,0.7235,,1
fmnist,mlp,0.5,0.1,10,0.0001,2,saliency,0.05,0.8246,,0.833333,,0.498005,,0.7684,,1
fmnist,mlp,0.5,0.1,10,0.0001,2,saliency,0.08,0.8269,,0.836167,,0.481792,,0.7858,,1
fmnist,mlp,0.5,0.1,10,0.0001,2,saliency,0.12,0.8321,,0.8405,,0.469423,,0.7605,,1
fmnist,mlp,0.5,0.1,10,0.0001,2,saliency,0.18,0.8361,,0.8465,,0.455099,,0.8118,,1
fmnist,mlp,0.5,0.1,10,0.0001,2,saliency,0.25,0.835,,0.846833,,0.456575,,0.8161,,1
fmnist,mlp,0.5,0.1,10,0.0001,2,saliency,0.35,0.8368,,0.848,,0.456657,,0.8229,,1
fmnist,mlp,0.5,0.1,10,0.0001,2,saliency,0.5,0.833,,0.8435,,0.460116,,0.815,,1
fmnist,mlp,0.5,0.1,10,0.0001,2,saliency,0.7,0.8269,,0.836667,,0.480599,,0.8057,,1
fmnist,mlp,0.5,0.1,10,0.0001,2,saliency,1.0,0.8053,,0.815,,0.52046,,,,1
fmnist,mlp,0.5,0.1,10,0.0001,2,saliency_layermean,0.005,0.1,,0.0975,,2.303632,,0.1,,1
fmnist,mlp,0.5,0.1,10,0.0001,2,saliency_layermean,0.01,0.5265,,0.525667,,1.615581,,0.3339,,1
fmnist,mlp,0.5,0.1,10,0.0001,2,saliency_layermean,0.02,0.7232,,0.719833,,0.975785,,0.5253,,1
fmnist,mlp,0.5,0.1,10,0.0001,2,saliency_layermean,0.03,0.7592,,0.7665,,0.76028,,0.4473,,1
fmnist,mlp,0.5,0.1,10,0.0001,2,saliency_layermean,0.05,0.7948,,0.799833,,0.607062,,0.6227,,1
fmnist,mlp,0.5,0.1,10,0.0001,2,saliency_layermean,0.08,0.8034,,0.816167,,0.537889,,0.5382,,1
fmnist,mlp,0.5,0.1,10,0.0001,2,saliency_layermean,0.12,0.8283,,0.8385,,0.47676,,0.6297,,1
fmnist,mlp,0.5,0.1,10,0.0001,2,saliency_layermean,0.18,0.8367,,0.848167,,0.450878,,0.6684,,1
fmnist,mlp,0.5,0.1,10,0.0001,2,saliency_layermean,0.25,0.8343,,0.844333,,0.453842,,0.7561,,1
fmnist,mlp,0.5,0.1,10,0.0001,2,saliency_layermean,0.35,0.8351,,0.846,,0.455862,,0.7917,,1
fmnist,mlp,0.5,0.1,10,0.0001,2,saliency_layermean,0.5,0.8338,,0.845167,,0.456786,,0.7985,,1
fmnist,mlp,0.5,0.1,10,0.0001,2,saliency_layermean,0.7,0.8179,,0.8295,,0.487982,,0.806,,1
fmnist,mlp,0.5,0.1,10,0.0001,2,saliency_layermean,1.0,0.8053,,0.815,,0.52046,,,,1
fmnist,mlp,0.5,0.1,10,0.0001,2,taylor,0.005,0.5628,,0.5535,,1.381912,,0.4643,,1
fmnist,mlp,0.5,0.1,10,0.0001,2,taylor,0.01,0.677,,0.681,,1.031489,,0.4136,,1
fmnist,mlp,0.5,0.1,10,0.0001,2,taylor,0.02,0.7566,,0.77,,0.739795,,0.6038,,1
fmnist,mlp,0.5,0.1,10,0.0001,2,taylor,0.03,0.7673,,0.789667,,0.747931,,0.5136,,1
fmnist,mlp,0.5,0.1,10,0.0001,2,taylor,0.05,0.7965,,0.809167,,0.598298,,0.5892,,1
fmnist,mlp,0.5,0.1,10,0.0001,2,taylor,0.08,0.8048,,0.817667,,0.560523,,0.7154,,1
fmnist,mlp,0.5,0.1,10,0.0001,2,taylor,0.12,0.8108,,0.8265,,0.534414,,0.6845,,1
fmnist,mlp,0.5,0.1,10,0.0001,2,taylor,0.18,0.8218,,0.836333,,0.4998,,0.689,,1
fmnist,mlp,0.5,0.1,10,0.0001,2,taylor,0.25,0.8232,,0.833833,,0.485617,,0.7707,,1
fmnist,mlp,0.5,0.1,10,0.0001,2,taylor,0.35,0.8238,,0.84,,0.480358,,0.8004,,1
fmnist,mlp,0.5,0.1,10,0.0001,2,taylor,0.5,0.8254,,0.840333,,0.469728,,0.776,,1
fmnist,mlp,0.5,0.1,10,0.0001,2,taylor,0.7,0.8233,,0.836,,0.47958,,0.8056,,1
fmnist,mlp,0.5,0.1,10,0.0001,2,taylor,1.0,0.8053,,0.815,,0.52046,,,,1
