dataset,arch,width,data_frac,epochs,weight_decay,retrain_epochs,criterion,keep,train_loss,train_loss_ci,test_acc,test_acc_ci,test_loss,test_loss_ci,n
fmnist,mlp,0.5,0.1,10,0.0001,2,magnitude,0.005,2.303367,,0.1407,,2.304421,,1
fmnist,mlp,0.5,0.1,10,0.0001,2,magnitude,0.01,2.29748,,0.1743,,2.299123,,1
fmnist,mlp,0.5,0.1,10,0.0001,2,magnitude,0.02,2.280907,,0.1741,,2.283115,,1
fmnist,mlp,0.5,0.1,10,0.0001,2,magnitude,0.03,2.258694,,0.2089,,2.262821,,1
fmnist,mlp,0.5,0.1,10,0.0001,2,magnitude,0.05,2.152146,,0.3564,,2.160039,,1
fmnist,mlp,0.5,0.1,10,0.0001,2,magnitude,0.08,1.928993,,0.4599,,1.943692,,1
fmnist,mlp,0.5,0.1,10,0.0001,2,magnitude,0.12,1.477179,,0.6243,,1.505301,,1
fmnist,mlp,0.5,0.1,10,0.0001,2,magnitude,0.18,1.0133,,0.6407,,1.055597,,1
fmnist,mlp,0.5,0.1,10,0.0001,2,magnitude,0.25,0.751697,,0.6986,,0.813462,,1
fmnist,mlp,0.5,0.1,10,0.0001,2,magnitude,0.35,0.590184,,0.7497,,0.679493,,1
fmnist,mlp,0.5,0.1,10,0.0001,2,magnitude,0.5,0.457268,,0.7905,,0.558341,,1
fmnist,mlp,0.5,0.1,10,0.0001,2,magnitude,0.7,0.414579,,0.8045,,0.521341,,1
fmnist,mlp,0.5,0.1,10,0.0001,2,magnitude,1.0,0.411569,,0.8053,,0.52046,,1
fmnist,mlp,0.5,0.1,10,0.0001,2,random,0.005,2.303841,,0.1,,2.304625,,1
fmnist,mlp,0.5,0.1,10,0.0001,2,random,0.01,2.303808,,0.1,,2.304606,,1
fmnist,mlp,0.5,0.1,10,0.0001,2,random,0.02,2.303902,,0.1,,2.304698,,1
fmnist,mlp,0.5,0.1,10,0.0001,2,random,0.03,2.30393,,0.1,,2.304786,,1
fmnist,mlp,0.5,0.1,10,0.0001,2,random,0.05,2.302798,,0.1001,,2.303818,,1
fmnist,mlp,0.5,0.1,10,0.0001,2,random,0.08,2.298246,,0.1,,2.299298,,1
fmnist,mlp,0.5,0.1,10,0.0001,2,random,0.12,2.289087,,0.1002,,2.290676,,1
fmnist,mlp,0.5,0.1,10,0.0001,2,random,0.18,2.257884,,0.1788,,2.260132,,1
fmnist,mlp,0.5,0.1,10,0.0001,2,random,0.25,2.172077,,0.2296,,2.177392,,1
fmnist,mlp,0.5,0.1,10,0.0001,2,random,0.35,2.002963,,0.4828,,2.011319,,1
fmnist,mlp,0.5,0.1,10,0.0001,2,random,0.5,1.541421,,0.6645,,1.559855,,1
fmnist,mlp,0.5,0.1,10,0.0001,2,random,0.7,0.856205,,0.765,,0.906664,,1
fmnist,mlp,0.5,0.1,10,0.0001,2,random,1.0,0.411569,,0.8053,,0.52046,,1
fmnist,mlp,0.5,0.1,10,0.0001,2,saliency,0.005,2.303545,,0.1,,2.304638,,1
fmnist,mlp,0.5,0.1,10,0.0001,2,saliency,0.01,2.30407,,0.1,,2.304618,,1
fmnist,mlp,0.5,0.1,10,0.0001,2,saliency,0.02,2.303999,,0.1,,2.305081,,1
fmnist,mlp,0.5,0.1,10,0.0001,2,saliency,0.03,2.292672,,0.1073,,2.294749,,1
fmnist,mlp,0.5,0.1,10,0.0001,2,saliency,0.05,2.236654,,0.2078,,2.240301,,1
fmnist,mlp,0.5,0.1,10,0.0001,2,saliency,0.08,2.041983,,0.3865,,2.054155,,1
fmnist,mlp,0.5,0.1,10,0.0001,2,saliency,0.12,1.708785,,0.5773,,1.733,,1
fmnist,mlp,0.5,0.1,10,0.0001,2,saliency,0.18,1.173998,,0.7447,,1.216415,,1
fmnist,mlp,0.5,0.1,10,0.0001,2,saliency,0.25,0.783696,,0.7746,,0.841463,,1
fmnist,mlp,0.5,0.1,10,0.0001,2,saliency,0.35,0.557561,,0.7734,,0.638403,,1
fmnist,mlp,0.5,0.1,10,0.0001,2,saliency,0.5,0.442933,,0.7972,,0.540811,,1
fmnist,mlp,0.5,0.1,10,0.0001,2,saliency,0.7,0.413621,,0.8054,,0.520459,,1
fmnist,mlp,0.5,0.1,10,0.0001,2,saliency,1.0,0.411569,,0.8053,,0.52046,,1
fmnist,mlp,0.5,0.1,10,0.0001,2,saliency_layermean,0.005,2.305594,,0.1,,2.306447,,1
fmnist,mlp,0.5,0.1,10,0.0001,2,saliency_layermean,0.01,2.305268,,0.1,,2.306301,,1
fmnist,mlp,0.5,0.1,10,0.0001,2,saliency_layermean,0.02,2.304584,,0.1,,2.305574,,1
fmnist,mlp,0.5,0.1,10,0.0001,2,saliency_layermean,0.03,2.287295,,0.1522,,2.289786,,1
fmnist,mlp,0.5,0.1,10,0.0001,2,saliency_layermean,0.05,2.202254,,0.1747,,2.209938,,1
fmnist,mlp,0.5,0.1,10,0.0001,2,saliency_layermean,0.08,1.968381,,0.3593,,1.982391,,1
fmnist,mlp,0.5,0.1,10,0.0001,2,saliency_layermean,0.12,1.533599,,0.5954,,1.558522,,1
fmnist,mlp,0.5,0.1,10,0.0001,2,saliency_layermean,0.18,0.960061,,0.7247,,1.001788,,1
fmnist,mlp,0.5,0.1,10,0.0001,2,saliency_layermean,0.25,0.617231,,0.7742,,0.677817,,1
fmnist,mlp,0.5,0.1,10,0.0001,2,saliency_layermean,0.35,0.483765,,0.7849,,0.565563,,1
fmnist,mlp,0.5,0.1,10,0.0001,2,saliency_layermean,0.5,0.443145,,0.7928,,0.544034,,1
fmnist,mlp,0.5,0.1,10,0.0001,2,saliency_layermean,0.7,0.411243,,0.806,,0.518667,,1
fmnist,mlp,0.5,0.1,10,0.0001,2,saliency_layermean,1.0,0.411569,,0.8053,,0.52046,,1
fmnist,mlp,0.5,0.1,10,0.0001,2,saliency_recomputed,0.005,2.293228,,0.101,,2.2973,,1
fmnist,mlp,0.5,0.1,10,0.0001,2,saliency_recomputed,0.01,2.260259,,0.114,,2.268545,,1
fmnist,mlp,0.5,0.1,10,0.0001,2,saliency_recomputed,0.02,2.164114,,0.166,,2.176303,,1
fmnist,mlp,0.5,0.1,10,0.0001,2,saliency_recomputed,0.03,2.067225,,0.2734,,2.082702,,1
fmnist,mlp,0.5,0.1,10,0.0001,2,saliency_recomputed,0.05,1.842053,,0.4645,,1.862442,,1
fmnist,mlp,0.5,0.1,10,0.0001,2,saliency_recomputed,0.08,1.455429,,0.6556,,1.48531,,1
fmnist,mlp,0.5,0.1,10,0.0001,2,saliency_recomputed,0.12,1.153915,,0.7111,,1.194425,,1
fmnist,mlp,0.5,0.1,10,0.0001,2,saliency_recomputed,0.18,0.827268,,0.7488,,0.881477,,1
fmnist,mlp,0.5,0.1,10,0.0001,2,saliency_recomputed,0.25,0.611273,,0.7671,,0.681981,,1
fmnist,mlp,0.5,0.1,10,0.0001,2,saliency_recomputed,0.35,0.51749,,0.7761,,0.600177,,1
fmnist,mlp,0.5,0.1,10,0.0001,2,saliency_recomputed,0.5,0.439251,,0.8004,,0.535923,,1
fmnist,mlp,0.5,0.1,10,0.0001,2,saliency_recomputed,0.7,0.413469,,0.8059,,0.520229,,1
fmnist,mlp,0.5,0.1,10,0.0001,2,saliency_recomputed,1.0,0.411569,,0.8053,,0.52046,,1
fmnist,mlp,0.5,0.1,10,0.0001,2,taylor,0.005,2.304025,,0.1,,2.30482,,1
fmnist,mlp,0.5,0.1,10,0.0001,2,taylor,0.01,2.303223,,0.1,,2.304096,,1
fmnist,mlp,0.5,0.1,10,0.0001,2,taylor,0.02,2.302752,,0.1522,,2.303829,,1
fmnist,mlp,0.5,0.1,10,0.0001,2,taylor,0.03,2.295197,,0.1265,,2.29692,,1
fmnist,mlp,0.5,0.1,10,0.0001,2,taylor,0.05,2.245209,,0.1252,,2.249176,,1
fmnist,mlp,0.5,0.1,10,0.0001,2,taylor,0.08,2.13732,,0.1318,,2.142904,,1
fmnist,mlp,0.5,0.1,10,0.0001,2,taylor,0.12,1.962284,,0.2912,,1.968471,,1
fmnist,mlp,0.5,0.1,10,0.0001,2,taylor,0.18,1.653959,,0.3984,,1.670583,,1
fmnist,mlp,0.5,0.1,10,0.0001,2,taylor,0.25,1.418078,,0.455,,1.449042,,1
fmnist,mlp,0.5,0.1,10,0.0001,2,taylor,0.35,1.118265,,0.583,,1.161953,,1
fmnist,mlp,0.5,0.1,10,0.0001,2,taylor,0.5,0.697243,,0.7403,,0.765134,,1
fmnist,mlp,0.5,0.1,10,0.0001,2,taylor,0.7,0.444164,,0.8027,,0.534191,,1
fmnist,mlp,0.5,0.1,10,0.0001,2,taylor,1.0,0.411569,,0.8053,,0.52046,,1
